Province,Year,Population
02 Albacete,2021,386464
02 Albacete,2020,388270
02 Albacete,2019,388167
02 Albacete,2018,388786
02 Albacete,2017,390032
02 Albacete,2016,392118
02 Albacete,2015,394580
02 Albacete,2014,396987
02 Albacete,2013,400007
02 Albacete,2012,402837
02 Albacete,2011,402318
02 Albacete,2010,401682
02 Albacete,2009,400891
02 Albacete,2008,397493
02 Albacete,2007,392110
02 Albacete,2006,387658
02 Albacete,2005,384640
02 Albacete,2004,379448
02 Albacete,2003,376556
02 Albacete,2002,371787
02 Albacete,2001,367283
02 Albacete,2000,363263
03 Alicante/Alacant,2021,1881762
03 Alicante/Alacant,2020,1879888
03 Alicante/Alacant,2019,1858683
03 Alicante/Alacant,2018,1838819
03 Alicante/Alacant,2017,1825332
03 Alicante/Alacant,2016,1836459
03 Alicante/Alacant,2015,1855047
03 Alicante/Alacant,2014,1868438
03 Alicante/Alacant,2013,1945642
03 Alicante/Alacant,2012,1943910
03 Alicante/Alacant,2011,1934127
03 Alicante/Alacant,2010,1926285
03 Alicante/Alacant,2009,1917012
03 Alicante/Alacant,2008,1891477
03 Alicante/Alacant,2007,1825264
03 Alicante/Alacant,2006,1783555
03 Alicante/Alacant,2005,1732389
03 Alicante/Alacant,2004,1657040
03 Alicante/Alacant,2003,1632349
03 Alicante/Alacant,2002,1557968
03 Alicante/Alacant,2001,1490265
03 Alicante/Alacant,2000,1445144
04 Almería,2021,731792
04 Almería,2020,727945
04 Almería,2019,716820
04 Almería,2018,709340
04 Almería,2017,706672
04 Almería,2016,704297
04 Almería,2015,701211
04 Almería,2014,701688
04 Almería,2013,699329
04 Almería,2012,704219
04 Almería,2011,702819
04 Almería,2010,695560
04 Almería,2009,684426
04 Almería,2008,667635
04 Almería,2007,646633
04 Almería,2006,635850
04 Almería,2005,612315
04 Almería,2004,580077
04 Almería,2003,565310
04 Almería,2002,546498
04 Almería,2001,533168
04 Almería,2000,518229
01 Araba/Álava,2021,333626
01 Araba/Álava,2020,333940
01 Araba/Álava,2019,331549
01 Araba/Álava,2018,328868
01 Araba/Álava,2017,326574
01 Araba/Álava,2016,324126
01 Araba/Álava,2015,323648
01 Araba/Álava,2014,321932
01 Araba/Álava,2013,321417
01 Araba/Álava,2012,322557
01 Araba/Álava,2011,319227
01 Araba/Álava,2010,317352
01 Araba/Álava,2009,313819
01 Araba/Álava,2008,309635
01 Araba/Álava,2007,305459
01 Araba/Álava,2006,301926
01 Araba/Álava,2005,299957
01 Araba/Álava,2004,295905
01 Araba/Álava,2003,294360
01 Araba/Álava,2002,291860
01 Araba/Álava,2001,288793
01 Araba/Álava,2000,286497
33 Asturias,2021,1011792
33 Asturias,2020,1018784
33 Asturias,2019,1022800
33 Asturias,2018,1028244
33 Asturias,2017,1034960
33 Asturias,2016,1042608
33 Asturias,2015,1051229
33 Asturias,2014,1061756
33 Asturias,2013,1068165
33 Asturias,2012,1077360
33 Asturias,2011,1081487
33 Asturias,2010,1084341
33 Asturias,2009,1085289
33 Asturias,2008,1080138
33 Asturias,2007,1074862
33 Asturias,2006,1076896
33 Asturias,2005,1076635
33 Asturias,2004,1073761
33 Asturias,2003,1075381
33 Asturias,2002,1073971
33 Asturias,2001,1075329
33 Asturias,2000,1076567
05 Ávila,2021,158421
05 Ávila,2020,157664
05 Ávila,2019,157640
05 Ávila,2018,158498
05 Ávila,2017,160700
05 Ávila,2016,162514
05 Ávila,2015,164925
05 Ávila,2014,167015
05 Ávila,2013,168825
05 Ávila,2012,171265
05 Ávila,2011,172704
05 Ávila,2010,171896
05 Ávila,2009,171680
05 Ávila,2008,171815
05 Ávila,2007,168638
05 Ávila,2006,167818
05 Ávila,2005,167032
05 Ávila,2004,166108
05 Ávila,2003,165480
05 Ávila,2002,165138
05 Ávila,2001,163885
05 Ávila,2000,164991
06 Badajoz,2021,669943
06 Badajoz,2020,672137
06 Badajoz,2019,673559
06 Badajoz,2018,676376
06 Badajoz,2017,679884
06 Badajoz,2016,684113
06 Badajoz,2015,686730
06 Badajoz,2014,690929
06 Badajoz,2013,693729
06 Badajoz,2012,694533
06 Badajoz,2011,693921
06 Badajoz,2010,692137
06 Badajoz,2009,688777
06 Badajoz,2008,685246
06 Badajoz,2007,678459
06 Badajoz,2006,673474
06 Badajoz,2005,671299
06 Badajoz,2004,663896
06 Badajoz,2003,663142
06 Badajoz,2002,662808
06 Badajoz,2001,664251
06 Badajoz,2000,661874
07 Balears,2021,1173008
07 Balears,2020,1171543
07 Balears,2019,1149460
07 Balears,2018,1128908
07 Balears,2017,1115999
07 Balears,2016,1107220
07 Balears,2015,1104479
07 Balears,2014,1103442
07 Balears,2013,1111674
07 Balears,2012,1119439
07 Balears,2011,1113114
07 Balears,2010,1106049
07 Balears,2009,1095426
07 Balears,2008,1072844
07 Balears,2007,1030650
07 Balears,2006,1001062
07 Balears,2005,983131
07 Balears,2004,955045
07 Balears,2003,947361
07 Balears,2002,916968
07 Balears,2001,878627
07 Balears,2000,845630
08 Barcelona,2021,5714730
08 Barcelona,2020,5743402
08 Barcelona,2019,5664579
08 Barcelona,2018,5609350
08 Barcelona,2017,5576037
08 Barcelona,2016,5542680
08 Barcelona,2015,5523922
08 Barcelona,2014,5523784
08 Barcelona,2013,5540925
08 Barcelona,2012,5552050
08 Barcelona,2011,5529099
08 Barcelona,2010,5511147
08 Barcelona,2009,5487935
08 Barcelona,2008,5416447
08 Barcelona,2007,5332513
08 Barcelona,2006,5309404
08 Barcelona,2005,5226354
08 Barcelona,2004,5117885
08 Barcelona,2003,5052666
08 Barcelona,2002,4906117
08 Barcelona,2001,4804606
08 Barcelona,2000,4736277
48 Bizkaia,2021,1154334
48 Bizkaia,2020,1159443
48 Bizkaia,2019,1152651
48 Bizkaia,2018,1149628
48 Bizkaia,2017,1148302
48 Bizkaia,2016,1147576
48 Bizkaia,2015,1148775
48 Bizkaia,2014,1151905
48 Bizkaia,2013,1156447
48 Bizkaia,2012,1158439
48 Bizkaia,2011,1155772
48 Bizkaia,2010,1153724
48 Bizkaia,2009,1152658
48 Bizkaia,2008,1146421
48 Bizkaia,2007,1141457
48 Bizkaia,2006,1139863
48 Bizkaia,2005,1136181
48 Bizkaia,2004,1132861
48 Bizkaia,2003,1133428
48 Bizkaia,2002,1133444
48 Bizkaia,2001,1132616
48 Bizkaia,2000,1132729
09 Burgos,2021,356055
09 Burgos,2020,357650
09 Burgos,2019,356958
09 Burgos,2018,357070
09 Burgos,2017,358171
09 Burgos,2016,360995
09 Burgos,2015,364002
09 Burgos,2014,366900
09 Burgos,2013,371248
09 Burgos,2012,374970
09 Burgos,2011,375657
09 Burgos,2010,374826
09 Burgos,2009,375563
09 Burgos,2008,373672
09 Burgos,2007,365972
09 Burgos,2006,363874
09 Burgos,2005,361021
09 Burgos,2004,356437
09 Burgos,2003,355205
09 Burgos,2002,352723
09 Burgos,2001,349810
09 Burgos,2000,347240
10 Cáceres,2021,389558
10 Cáceres,2020,391850
10 Cáceres,2019,394151
10 Cáceres,2018,396487
10 Cáceres,2017,400036
10 Cáceres,2016,403665
10 Cáceres,2015,406267
10 Cáceres,2014,408703
10 Cáceres,2013,410275
10 Cáceres,2012,413597
10 Cáceres,2011,415446
10 Cáceres,2010,415083
10 Cáceres,2009,413633
10 Cáceres,2008,412498
10 Cáceres,2007,411531
10 Cáceres,2006,412899
10 Cáceres,2005,412580
10 Cáceres,2004,411390
10 Cáceres,2003,410762
10 Cáceres,2002,410242
10 Cáceres,2001,409130
10 Cáceres,2000,407546
11 Cádiz,2021,1245960
11 Cádiz,2020,1244049
11 Cádiz,2019,1240155
11 Cádiz,2018,1238714
11 Cádiz,2017,1239435
11 Cádiz,2016,1239889
11 Cádiz,2015,1240284
11 Cádiz,2014,1240175
11 Cádiz,2013,1238492
11 Cádiz,2012,1245164
11 Cádiz,2011,1243519
11 Cádiz,2010,1236739
11 Cádiz,2009,1230594
11 Cádiz,2008,1220467
11 Cádiz,2007,1207343
11 Cádiz,2006,1194062
11 Cádiz,2005,1180817
11 Cádiz,2004,1164374
11 Cádiz,2003,1155724
11 Cádiz,2002,1140793
11 Cádiz,2001,1131346
11 Cádiz,2000,1125105
39 Cantabria,2021,584507
39 Cantabria,2020,582905
39 Cantabria,2019,581078
39 Cantabria,2018,580229
39 Cantabria,2017,580295
39 Cantabria,2016,582206
39 Cantabria,2015,585179
39 Cantabria,2014,588656
39 Cantabria,2013,591888
39 Cantabria,2012,593861
39 Cantabria,2011,593121
39 Cantabria,2010,592250
39 Cantabria,2009,589235
39 Cantabria,2008,582138
39 Cantabria,2007,572824
39 Cantabria,2006,568091
39 Cantabria,2005,562309
39 Cantabria,2004,554784
39 Cantabria,2003,549690
39 Cantabria,2002,542275
39 Cantabria,2001,537606
39 Cantabria,2000,531159
12 Castellón/Castelló,2021,587064
12 Castellón/Castelló,2020,585590
12 Castellón/Castelló,2019,579962
12 Castellón/Castelló,2018,576898
12 Castellón/Castelló,2017,575470
12 Castellón/Castelló,2016,579245
12 Castellón/Castelló,2015,582327
12 Castellón/Castelló,2014,587508
12 Castellón/Castelló,2013,601699
12 Castellón/Castelló,2012,604564
12 Castellón/Castelló,2011,604344
12 Castellón/Castelló,2010,604274
12 Castellón/Castelló,2009,602301
12 Castellón/Castelló,2008,594915
12 Castellón/Castelló,2007,573282
12 Castellón/Castelló,2006,559761
12 Castellón/Castelló,2005,543432
12 Castellón/Castelló,2004,527345
12 Castellón/Castelló,2003,518239
12 Castellón/Castelló,2002,501237
12 Castellón/Castelló,2001,485173
12 Castellón/Castelló,2000,474385
13 Ciudad Real,2021,492591
13 Ciudad Real,2020,495045
13 Ciudad Real,2019,495761
13 Ciudad Real,2018,499100
13 Ciudad Real,2017,502578
13 Ciudad Real,2016,506888
13 Ciudad Real,2015,513713
13 Ciudad Real,2014,519613
13 Ciudad Real,2013,524962
13 Ciudad Real,2012,530250
13 Ciudad Real,2011,530175
13 Ciudad Real,2010,529453
13 Ciudad Real,2009,527273
13 Ciudad Real,2008,522343
13 Ciudad Real,2007,510122
13 Ciudad Real,2006,506864
13 Ciudad Real,2005,500060
13 Ciudad Real,2004,492914
13 Ciudad Real,2003,487670
13 Ciudad Real,2002,484338
13 Ciudad Real,2001,478581
13 Ciudad Real,2000,476633
14 Córdoba,2021,776789
14 Córdoba,2020,781451
14 Córdoba,2019,782979
14 Córdoba,2018,785240
14 Córdoba,2017,788219
14 Córdoba,2016,791610
14 Córdoba,2015,795611
14 Córdoba,2014,799402
14 Córdoba,2013,802422
14 Córdoba,2012,804498
14 Córdoba,2011,805857
14 Córdoba,2010,805108
14 Córdoba,2009,803998
14 Córdoba,2008,798822
14 Córdoba,2007,792182
14 Córdoba,2006,788287
14 Córdoba,2005,784376
14 Córdoba,2004,779870
14 Córdoba,2003,775944
14 Córdoba,2002,771131
14 Córdoba,2001,769625
14 Córdoba,2000,769237
15 Coruña,2021,1120134
15 Coruña,2020,1121815
15 Coruña,2019,1119596
15 Coruña,2018,1119351
15 Coruña,2017,1120294
15 Coruña,2016,1122799
15 Coruña,2015,1127196
15 Coruña,2014,1132735
15 Coruña,2013,1138161
15 Coruña,2012,1143911
15 Coruña,2011,1147124
15 Coruña,2010,1146458
15 Coruña,2009,1145488
15 Coruña,2008,1139121
15 Coruña,2007,1132792
15 Coruña,2006,1129141
15 Coruña,2005,1126707
15 Coruña,2004,1121344
15 Coruña,2003,1120814
15 Coruña,2002,1111886
15 Coruña,2001,1108002
15 Coruña,2000,1108419
16 Cuenca,2021,195516
16 Cuenca,2020,196139
16 Cuenca,2019,196329
16 Cuenca,2018,197222
16 Cuenca,2017,198718
16 Cuenca,2016,201071
16 Cuenca,2015,203841
16 Cuenca,2014,207449
16 Cuenca,2013,211899
16 Cuenca,2012,218036
16 Cuenca,2011,219138
16 Cuenca,2010,217716
16 Cuenca,2009,217363
16 Cuenca,2008,215274
16 Cuenca,2007,211375
16 Cuenca,2006,208616
16 Cuenca,2005,207974
16 Cuenca,2004,204546
16 Cuenca,2003,202982
16 Cuenca,2002,201614
16 Cuenca,2001,201526
16 Cuenca,2000,201053
20 Gipuzkoa,2021,726033
20 Gipuzkoa,2020,727121
20 Gipuzkoa,2019,723576
20 Gipuzkoa,2018,720592
20 Gipuzkoa,2017,719282
20 Gipuzkoa,2016,717832
20 Gipuzkoa,2015,716834
20 Gipuzkoa,2014,715148
20 Gipuzkoa,2013,713818
20 Gipuzkoa,2012,712097
20 Gipuzkoa,2011,709607
20 Gipuzkoa,2010,707263
20 Gipuzkoa,2009,705698
20 Gipuzkoa,2008,701056
20 Gipuzkoa,2007,694944
20 Gipuzkoa,2006,691895
20 Gipuzkoa,2005,688708
20 Gipuzkoa,2004,686513
20 Gipuzkoa,2003,684416
20 Gipuzkoa,2002,682977
20 Gipuzkoa,2001,680069
20 Gipuzkoa,2000,679370
17 Girona,2021,786596
17 Girona,2020,781788
17 Girona,2019,771044
17 Girona,2018,761947
17 Girona,2017,755716
17 Girona,2016,753576
17 Girona,2015,753054
17 Girona,2014,756156
17 Girona,2013,761632
17 Girona,2012,761627
17 Girona,2011,756810
17 Girona,2010,753046
17 Girona,2009,747782
17 Girona,2008,731864
17 Girona,2007,706185
17 Girona,2006,687331
17 Girona,2005,664506
17 Girona,2004,636198
17 Girona,2003,619692
17 Girona,2002,598112
17 Girona,2001,579650
17 Girona,2000,565599
18 Granada,2021,921338
18 Granada,2020,919168
18 Granada,2019,914678
18 Granada,2018,912075
18 Granada,2017,912938
18 Granada,2016,915392
18 Granada,2015,917297
18 Granada,2014,919455
18 Granada,2013,919319
18 Granada,2012,922928
18 Granada,2011,924550
18 Granada,2010,918072
18 Granada,2009,907428
18 Granada,2008,901220
18 Granada,2007,884099
18 Granada,2006,876184
18 Granada,2005,860898
18 Granada,2004,841687
18 Granada,2003,828107
18 Granada,2002,818959
18 Granada,2001,812637
18 Granada,2000,809004
19 Guadalajara,2021,265588
19 Guadalajara,2020,261995
19 Guadalajara,2019,257762
19 Guadalajara,2018,254308
19 Guadalajara,2017,253310
19 Guadalajara,2016,252882
19 Guadalajara,2015,253686
19 Guadalajara,2014,255426
19 Guadalajara,2013,257723
19 Guadalajara,2012,259537
19 Guadalajara,2011,256461
19 Guadalajara,2010,251563
19 Guadalajara,2009,246151
19 Guadalajara,2008,237787
19 Guadalajara,2007,224076
19 Guadalajara,2006,213505
19 Guadalajara,2005,203737
19 Guadalajara,2004,193913
19 Guadalajara,2003,185474
19 Guadalajara,2002,177761
19 Guadalajara,2001,171532
19 Guadalajara,2000,165347
21 Huelva,2021,525835
21 Huelva,2020,524278
21 Huelva,2019,521870
21 Huelva,2018,519932
21 Huelva,2017,518930
21 Huelva,2016,519596
21 Huelva,2015,520017
21 Huelva,2014,519229
21 Huelva,2013,520668
21 Huelva,2012,522862
21 Huelva,2011,521968
21 Huelva,2010,518081
21 Huelva,2009,513403
21 Huelva,2008,507915
21 Huelva,2007,497671
21 Huelva,2006,492174
21 Huelva,2005,483792
21 Huelva,2004,476707
21 Huelva,2003,472446
21 Huelva,2002,464934
21 Huelva,2001,461730
21 Huelva,2000,458998
22 Huesca,2021,224264
22 Huesca,2020,222687
22 Huesca,2019,220461
22 Huesca,2018,219345
22 Huesca,2017,219702
22 Huesca,2016,221079
22 Huesca,2015,222909
22 Huesca,2014,224909
22 Huesca,2013,226329
22 Huesca,2012,227609
22 Huesca,2011,228361
22 Huesca,2010,228566
22 Huesca,2009,228409
22 Huesca,2008,225271
22 Huesca,2007,220107
22 Huesca,2006,218023
22 Huesca,2005,215864
22 Huesca,2004,212901
22 Huesca,2003,211286
22 Huesca,2002,208963
22 Huesca,2001,205955
22 Huesca,2000,205430
23 Jaén,2021,627190
23 Jaén,2020,631381
23 Jaén,2019,633564
23 Jaén,2018,638099
23 Jaén,2017,643484
23 Jaén,2016,648250
23 Jaén,2015,654170
23 Jaén,2014,659033
23 Jaén,2013,664916
23 Jaén,2012,670242
23 Jaén,2011,670600
23 Jaén,2010,670761
23 Jaén,2009,669782
23 Jaén,2008,667438
23 Jaén,2007,664742
23 Jaén,2006,662751
23 Jaén,2005,660284
23 Jaén,2004,654458
23 Jaén,2003,651565
23 Jaén,2002,647387
23 Jaén,2001,645781
23 Jaén,2000,645711
24 León,2021,451706
24 León,2020,456439
24 León,2019,460001
24 León,2018,463746
24 León,2017,468316
24 León,2016,473604
24 León,2015,479395
24 León,2014,484694
24 León,2013,489752
24 León,2012,494451
24 León,2011,497799
24 León,2010,499284
24 León,2009,500169
24 León,2008,500200
24 León,2007,497387
24 León,2006,498223
24 León,2005,495902
24 León,2004,492720
24 León,2003,495998
24 León,2002,496655
24 León,2001,499517
24 León,2000,502155
25 Lleida,2021,439727
25 Lleida,2020,438517
25 Lleida,2019,434930
25 Lleida,2018,432866
25 Lleida,2017,432384
25 Lleida,2016,434041
25 Lleida,2015,436029
25 Lleida,2014,438001
25 Lleida,2013,440915
25 Lleida,2012,443032
25 Lleida,2011,442308
25 Lleida,2010,439768
25 Lleida,2009,436402
25 Lleida,2008,426872
25 Lleida,2007,414015
25 Lleida,2006,407496
25 Lleida,2005,399439
25 Lleida,2004,385092
25 Lleida,2003,377639
25 Lleida,2002,371055
25 Lleida,2001,365023
25 Lleida,2000,361590
27 Lugo,2021,326013
27 Lugo,2020,327946
27 Lugo,2019,329587
27 Lugo,2018,331327
27 Lugo,2017,333634
27 Lugo,2016,336527
27 Lugo,2015,339386
27 Lugo,2014,342748
27 Lugo,2013,346005
27 Lugo,2012,348902
27 Lugo,2011,351530
27 Lugo,2010,353504
27 Lugo,2009,355195
27 Lugo,2008,355549
27 Lugo,2007,355176
27 Lugo,2006,356595
27 Lugo,2005,357625
27 Lugo,2004,358452
27 Lugo,2003,360512
27 Lugo,2002,361782
27 Lugo,2001,364125
27 Lugo,2000,365619
28 Madrid,2021,6751251
28 Madrid,2020,6779888
28 Madrid,2019,6663394
28 Madrid,2018,6578079
28 Madrid,2017,6507184
28 Madrid,2016,6466996
28 Madrid,2015,6436996
28 Madrid,2014,6454440
28 Madrid,2013,6495551
28 Madrid,2012,6498560
28 Madrid,2011,6489680
28 Madrid,2010,6458684
28 Madrid,2009,6386932
28 Madrid,2008,6271638
28 Madrid,2007,6081689
28 Madrid,2006,6008183
28 Madrid,2005,5964143
28 Madrid,2004,5804829
28 Madrid,2003,5718942
28 Madrid,2002,5527152
28 Madrid,2001,5372433
28 Madrid,2000,5205408
29 Málaga,2021,1695651
29 Málaga,2020,1685920
29 Málaga,2019,1661785
29 Málaga,2018,1641121
29 Málaga,2017,1630615
29 Málaga,2016,1629298
29 Málaga,2015,1628973
29 Málaga,2014,1621968
29 Málaga,2013,1652999
29 Málaga,2012,1641098
29 Málaga,2011,1625827
29 Málaga,2010,1609557
29 Málaga,2009,1593068
29 Málaga,2008,1563261
29 Málaga,2007,1517523
29 Málaga,2006,1491287
29 Málaga,2005,1453409
29 Málaga,2004,1397925
29 Málaga,2003,1374890
29 Málaga,2002,1330010
29 Málaga,2001,1302240
29 Málaga,2000,1278851
30 Murcia,2021,1518486
30 Murcia,2020,1511251
30 Murcia,2019,1493898
30 Murcia,2018,1478509
30 Murcia,2017,1470273
30 Murcia,2016,1464847
30 Murcia,2015,1467288
30 Murcia,2014,1466818
30 Murcia,2013,1472049
30 Murcia,2012,1474449
30 Murcia,2011,1470069
30 Murcia,2010,1461979
30 Murcia,2009,1446520
30 Murcia,2008,1426109
30 Murcia,2007,1392117
30 Murcia,2006,1370306
30 Murcia,2005,1335792
30 Murcia,2004,1294694
30 Murcia,2003,1269230
30 Murcia,2002,1226993
30 Murcia,2001,1190378
30 Murcia,2000,1149328
31 Navarra,2021,661537
31 Navarra,2020,661197
31 Navarra,2019,654214
31 Navarra,2018,647554
31 Navarra,2017,643234
31 Navarra,2016,640647
31 Navarra,2015,640476
31 Navarra,2014,640790
31 Navarra,2013,644477
31 Navarra,2012,644566
31 Navarra,2011,642051
31 Navarra,2010,636924
31 Navarra,2009,630578
31 Navarra,2008,620377
31 Navarra,2007,605876
31 Navarra,2006,601874
31 Navarra,2005,593472
31 Navarra,2004,584734
31 Navarra,2003,578210
31 Navarra,2002,569628
31 Navarra,2001,556263
31 Navarra,2000,543757
32 Ourense,2021,305223
32 Ourense,2020,306650
32 Ourense,2019,307651
32 Ourense,2018,309293
32 Ourense,2017,311680
32 Ourense,2016,314853
32 Ourense,2015,318391
32 Ourense,2014,322293
32 Ourense,2013,326724
32 Ourense,2012,330257
32 Ourense,2011,333257
32 Ourense,2010,335219
32 Ourense,2009,335642
32 Ourense,2008,336099
32 Ourense,2007,336926
32 Ourense,2006,338671
32 Ourense,2005,339555
32 Ourense,2004,340258
32 Ourense,2003,342213
32 Ourense,2002,343768
32 Ourense,2001,344623
32 Ourense,2000,345241
34 Palencia,2021,159123
34 Palencia,2020,160321
34 Palencia,2019,160980
34 Palencia,2018,162035
34 Palencia,2017,163390
34 Palencia,2016,164644
34 Palencia,2015,166035
34 Palencia,2014,167609
34 Palencia,2013,168955
34 Palencia,2012,170713
34 Palencia,2011,171668
34 Palencia,2010,172510
34 Palencia,2009,173306
34 Palencia,2008,173454
34 Palencia,2007,173281
34 Palencia,2006,173153
34 Palencia,2005,173471
34 Palencia,2004,173990
34 Palencia,2003,175047
34 Palencia,2002,176125
34 Palencia,2001,177345
34 Palencia,2000,178316
35 Palmas,2021,1128539
35 Palmas,2020,1131065
35 Palmas,2019,1120406
35 Palmas,2018,1109175
35 Palmas,2017,1100480
35 Palmas,2016,1097800
35 Palmas,2015,1098406
35 Palmas,2014,1100027
35 Palmas,2013,1103850
35 Palmas,2012,1100813
35 Palmas,2011,1096980
35 Palmas,2010,1090605
35 Palmas,2009,1083502
35 Palmas,2008,1070032
35 Palmas,2007,1042131
35 Palmas,2006,1024186
35 Palmas,2005,1011928
35 Palmas,2004,987128
35 Palmas,2003,979606
35 Palmas,2002,951037
35 Palmas,2001,924558
35 Palmas,2000,897595
36 Pontevedra,2021,944275
36 Pontevedra,2020,945408
36 Pontevedra,2019,942665
36 Pontevedra,2018,941772
36 Pontevedra,2017,942731
36 Pontevedra,2016,944346
36 Pontevedra,2015,947374
36 Pontevedra,2014,950919
36 Pontevedra,2013,955050
36 Pontevedra,2012,958428
36 Pontevedra,2011,963511
36 Pontevedra,2010,962472
36 Pontevedra,2009,959764
36 Pontevedra,2008,953400
36 Pontevedra,2007,947639
36 Pontevedra,2006,943117
36 Pontevedra,2005,938311
36 Pontevedra,2004,930931
36 Pontevedra,2003,927555
36 Pontevedra,2002,919934
36 Pontevedra,2001,916176
36 Pontevedra,2000,912621
26 Rioja,2021,319796
26 Rioja,2020,319914
26 Rioja,2019,316798
26 Rioja,2018,315675
26 Rioja,2017,315381
26 Rioja,2016,315794
26 Rioja,2015,317053
26 Rioja,2014,319002
26 Rioja,2013,322027
26 Rioja,2012,323609
26 Rioja,2011,322955
26 Rioja,2010,322415
26 Rioja,2009,321702
26 Rioja,2008,317501
26 Rioja,2007,308968
26 Rioja,2006,306377
26 Rioja,2005,301084
26 Rioja,2004,293553
26 Rioja,2003,287390
26 Rioja,2002,281614
26 Rioja,2001,270400
26 Rioja,2000,264178
37 Salamanca,2021,327338
37 Salamanca,2020,329245
37 Salamanca,2019,330119
37 Salamanca,2018,331473
37 Salamanca,2017,333603
37 Salamanca,2016,335985
37 Salamanca,2015,339395
37 Salamanca,2014,342459
37 Salamanca,2013,345548
37 Salamanca,2012,350564
37 Salamanca,2011,352986
37 Salamanca,2010,353619
37 Salamanca,2009,354608
37 Salamanca,2008,353404
37 Salamanca,2007,351326
37 Salamanca,2006,353110
37 Salamanca,2005,352414
37 Salamanca,2004,350984
37 Salamanca,2003,348271
37 Salamanca,2002,347120
37 Salamanca,2001,350209
37 Salamanca,2000,349733
38 Santa Cruz de Tenerife,2021,1044405
38 Santa Cruz de Tenerife,2020,1044887
38 Santa Cruz de Tenerife,2019,1032983
38 Santa Cruz de Tenerife,2018,1018510
38 Santa Cruz de Tenerife,2017,1007641
38 Santa Cruz de Tenerife,2016,1004124
38 Santa Cruz de Tenerife,2015,1001900
38 Santa Cruz de Tenerife,2014,1004788
38 Santa Cruz de Tenerife,2013,1014829
38 Santa Cruz de Tenerife,2012,1017531
38 Santa Cruz de Tenerife,2011,1029789
38 Santa Cruz de Tenerife,2010,1027914
38 Santa Cruz de Tenerife,2009,1020490
38 Santa Cruz de Tenerife,2008,1005936
38 Santa Cruz de Tenerife,2007,983820
38 Santa Cruz de Tenerife,2006,971647
38 Santa Cruz de Tenerife,2005,956352
38 Santa Cruz de Tenerife,2004,928412
38 Santa Cruz de Tenerife,2003,915262
38 Santa Cruz de Tenerife,2002,892718
38 Santa Cruz de Tenerife,2001,856808
38 Santa Cruz de Tenerife,2000,818681
40 Segovia,2021,153663
40 Segovia,2020,153478
40 Segovia,2019,153129
40 Segovia,2018,153342
40 Segovia,2017,154184
40 Segovia,2016,155652
40 Segovia,2015,157570
40 Segovia,2014,159303
40 Segovia,2013,161702
40 Segovia,2012,163701
40 Segovia,2011,164169
40 Segovia,2010,164268
40 Segovia,2009,164854
40 Segovia,2008,163899
40 Segovia,2007,159322
40 Segovia,2006,156598
40 Segovia,2005,155517
40 Segovia,2004,152640
40 Segovia,2003,150701
40 Segovia,2002,149286
40 Segovia,2001,147028
40 Segovia,2000,146613
41 Sevilla,2021,1947852
41 Sevilla,2020,1950219
41 Sevilla,2019,1942389
41 Sevilla,2018,1939887
41 Sevilla,2017,1939527
41 Sevilla,2016,1939775
41 Sevilla,2015,1941480
41 Sevilla,2014,1941355
41 Sevilla,2013,1942155
41 Sevilla,2012,1938974
41 Sevilla,2011,1928962
41 Sevilla,2010,1917097
41 Sevilla,2009,1900224
41 Sevilla,2008,1875462
41 Sevilla,2007,1849268
41 Sevilla,2006,1835077
41 Sevilla,2005,1813908
41 Sevilla,2004,1792420
41 Sevilla,2003,1782862
41 Sevilla,2002,1758720
41 Sevilla,2001,1747441
41 Sevilla,2000,1734917
42 Soria,2021,88747
42 Soria,2020,88884
42 Soria,2019,88636
42 Soria,2018,88600
42 Soria,2017,88903
42 Soria,2016,90040
42 Soria,2015,91006
42 Soria,2014,92221
42 Soria,2013,93291
42 Soria,2012,94522
42 Soria,2011,95223
42 Soria,2010,95258
42 Soria,2009,95101
42 Soria,2008,94646
42 Soria,2007,93593
42 Soria,2006,93503
42 Soria,2005,92773
42 Soria,2004,91652
42 Soria,2003,90954
42 Soria,2002,91487
42 Soria,2001,91314
42 Soria,2000,90911
43 Tarragona,2021,822309
43 Tarragona,2020,816772
43 Tarragona,2019,804664
43 Tarragona,2018,795902
43 Tarragona,2017,791693
43 Tarragona,2016,792299
43 Tarragona,2015,795101
43 Tarragona,2014,800962
43 Tarragona,2013,810178
43 Tarragona,2012,814199
43 Tarragona,2011,811401
43 Tarragona,2010,808420
43 Tarragona,2009,803301
43 Tarragona,2008,788895
43 Tarragona,2007,757795
43 Tarragona,2006,730466
43 Tarragona,2005,704907
43 Tarragona,2004,674144
43 Tarragona,2003,654149
43 Tarragona,2002,631156
43 Tarragona,2001,612086
43 Tarragona,2000,598533
44 Teruel,2021,134545
44 Teruel,2020,134176
44 Teruel,2019,134137
44 Teruel,2018,134572
44 Teruel,2017,135562
44 Teruel,2016,136977
44 Teruel,2015,138932
44 Teruel,2014,140365
44 Teruel,2013,142183
44 Teruel,2012,143728
44 Teruel,2011,144607
44 Teruel,2010,145277
44 Teruel,2009,146751
44 Teruel,2008,146324
44 Teruel,2007,144046
44 Teruel,2006,142160
44 Teruel,2005,141091
44 Teruel,2004,139333
44 Teruel,2003,138686
44 Teruel,2002,137342
44 Teruel,2001,136233
44 Teruel,2000,136473
45 Toledo,2021,709403
45 Toledo,2020,703772
45 Toledo,2019,694844
45 Toledo,2018,687391
45 Toledo,2017,686841
45 Toledo,2016,688672
45 Toledo,2015,693371
45 Toledo,2014,699136
45 Toledo,2013,706407
45 Toledo,2012,711228
45 Toledo,2011,707242
45 Toledo,2010,697959
45 Toledo,2009,689635
45 Toledo,2008,670203
45 Toledo,2007,639621
45 Toledo,2006,615618
45 Toledo,2005,598256
45 Toledo,2004,578060
45 Toledo,2003,563099
45 Toledo,2002,546538
45 Toledo,2001,536131
45 Toledo,2000,527965
46 Valencia/València,2021,2589312
46 Valencia/València,2020,2591875
46 Valencia/València,2019,2565124
46 Valencia/València,2018,2547986
46 Valencia/València,2017,2540707
46 Valencia/València,2016,2544264
46 Valencia/València,2015,2543315
46 Valencia/València,2014,2548898
46 Valencia/València,2013,2566474
46 Valencia/València,2012,2580792
46 Valencia/València,2011,2578719
46 Valencia/València,2010,2581147
46 Valencia/València,2009,2575362
46 Valencia/València,2008,2543209
46 Valencia/València,2007,2486483
46 Valencia/València,2006,2463592
46 Valencia/València,2005,2416628
46 Valencia/València,2004,2358919
46 Valencia/València,2003,2320297
46 Valencia/València,2002,2267503
46 Valencia/València,2001,2227170
46 Valencia/València,2000,2201200
47 Valladolid,2021,519361
47 Valladolid,2020,520649
47 Valladolid,2019,519546
47 Valladolid,2018,519851
47 Valladolid,2017,521130
47 Valladolid,2016,523679
47 Valladolid,2015,526288
47 Valladolid,2014,529157
47 Valladolid,2013,532284
47 Valladolid,2012,534280
47 Valladolid,2011,534874
47 Valladolid,2010,533640
47 Valladolid,2009,532575
47 Valladolid,2008,529019
47 Valladolid,2007,521661
47 Valladolid,2006,519249
47 Valladolid,2005,514674
47 Valladolid,2004,510863
47 Valladolid,2003,506302
47 Valladolid,2002,501157
47 Valladolid,2001,497961
47 Valladolid,2000,495690
49 Zamora,2021,168725
49 Zamora,2020,170588
49 Zamora,2019,172539
49 Zamora,2018,174549
49 Zamora,2017,177404
49 Zamora,2016,180406
49 Zamora,2015,183436
49 Zamora,2014,185432
49 Zamora,2013,188270
49 Zamora,2012,191612
49 Zamora,2011,193383
49 Zamora,2010,194214
49 Zamora,2009,195665
49 Zamora,2008,197221
49 Zamora,2007,197237
49 Zamora,2006,197492
49 Zamora,2005,198045
49 Zamora,2004,198524
49 Zamora,2003,199688
49 Zamora,2002,200678
49 Zamora,2001,202356
49 Zamora,2000,203469
50 Zaragoza,2021,967452
50 Zaragoza,2020,972528
50 Zaragoza,2019,964693
50 Zaragoza,2018,954811
50 Zaragoza,2017,953486
50 Zaragoza,2016,950507
50 Zaragoza,2015,956006
50 Zaragoza,2014,960111
50 Zaragoza,2013,978638
50 Zaragoza,2012,978130
50 Zaragoza,2011,973325
50 Zaragoza,2010,973252
50 Zaragoza,2009,970313
50 Zaragoza,2008,955323
50 Zaragoza,2007,932502
50 Zaragoza,2006,917288
50 Zaragoza,2005,912072
50 Zaragoza,2004,897350
50 Zaragoza,2003,880118
50 Zaragoza,2002,871209
50 Zaragoza,2001,857565
50 Zaragoza,2000,848006
51 Ceuta,2021,83517
51 Ceuta,2020,84202
51 Ceuta,2019,84777
51 Ceuta,2018,85144
51 Ceuta,2017,84959
51 Ceuta,2016,84519
51 Ceuta,2015,84263
51 Ceuta,2014,84963
51 Ceuta,2013,84180
51 Ceuta,2012,84018
51 Ceuta,2011,82376
51 Ceuta,2010,80579
51 Ceuta,2009,78674
51 Ceuta,2008,77389
51 Ceuta,2007,76603
51 Ceuta,2006,75861
51 Ceuta,2005,75276
51 Ceuta,2004,74654
51 Ceuta,2003,74931
51 Ceuta,2002,76152
51 Ceuta,2001,75694
51 Ceuta,2000,75241
52 Melilla,2021,86261
52 Melilla,2020,87076
52 Melilla,2019,86487
52 Melilla,2018,86384
52 Melilla,2017,86120
52 Melilla,2016,86026
52 Melilla,2015,85584
52 Melilla,2014,84509
52 Melilla,2013,83679
52 Melilla,2012,80802
52 Melilla,2011,78476
52 Melilla,2010,76034
52 Melilla,2009,73460
52 Melilla,2008,71448
52 Melilla,2007,69440
52 Melilla,2006,66871
52 Melilla,2005,65488
52 Melilla,2004,68016
52 Melilla,2003,68463
52 Melilla,2002,69184
52 Melilla,2001,68789
52 Melilla,2000,66263
